license_code,product_name,language,filename
L-CHSG-4QYF8X,IBM Guardium Data Encryption v5.1.1,en,L-CHSG-4QYF8X_en.pdf
L-CVAL-UERCZG,IBM Host Integration Solution for Multiplatform 16.0,en,L-CVAL-UERCZG_en.pdf
L-CVUH-LYWEQZ,IBM Engineering Requirements Management DOORS Next 7.2.0 - GA,en,L-CVUH-LYWEQZ_en.pdf
L-DKPT-XTGT7Z,IBM Cloud Pak for Applications Standard 5.3 Update,en,L-DKPT-XTGT7Z_en.pdf
L-GNAN-K8MR2V,IBM Cognos Analytics Modernization for Non-Production Environment 12.0,en,L-GNAN-K8MR2V_en.pdf
L-LCKC-79KSJP,IBM Cloud Pak for AIOps 4.12.0,en,L-LCKC-79KSJP_en.pdf
L-LSCS-K9WBD7,IBM Cognos Analytics Authorized User Modernization 12.0,en,L-LSCS-K9WBD7_en.pdf
L-MAZZ-49RVWE,IBM Verify Identity Access 11.0.1,en,L-MAZZ-49RVWE_en.pdf
L-MVUP-SYDLFM,IBM Db2 Connect Unlimited Edition for System z 12.1.3,en,L-MVUP-SYDLFM_en.pdf
L-NNQF-LLZ9EV,IBM Cloud Pak for Data Enterprise Edition V5.3,en,L-NNQF-LLZ9EV_en.pdf
L-NQEZ-XC267Y,IBM Cognos Analytics User Modernization 12.0,en,L-NQEZ-XC267Y_en.pdf
L-PLCA-U468K5,IBM InfoSphere Information Server Enterprise Edition for SAP Applications v11.7.1.6,en,L-PLCA-U468K5_en.pdf
L-PPVD-QW49JG,IBM Data Replication v11.4.0.5,en,L-PPVD-QW49JG_en.pdf
L-PXVP-93U8VP,IBM Cloud Pak for Business Automation 25.0.1,en,L-PXVP-93U8VP_en.pdf
L-PZQM-YVMW6A,EDB Postgres Advanced Server with IBM 17.6.0,en,L-PZQM-YVMW6A_en.pdf
L-QJQQ-SPK7DK,IBM License Metric Tool 9.2.42,en,L-QJQQ-SPK7DK_en.pdf
L-RJMT-S4EGHA,IBM Verify Identity Governance 11.0.1,en,L-RJMT-S4EGHA_en.pdf
L-RYLZ-KZMVZY,IBM Concert Software 2.2.0,en,L-RYLZ-KZMVZY_en.pdf
L-SJZL-NMUUCT,IBM Cloud Pak for Integration 16.1.3,en,L-SJZL-NMUUCT_en.pdf
L-TVNG-4T5TED,IBM Storage Software Suite 1.5,en,L-TVNG-4T5TED_en.pdf
L-UHHQ-C7AA2R,IBM Db2 Advanced Edition Cartridge 12.1 - Update 2,en,L-UHHQ-C7AA2R_en.pdf
L-VXDF-VPYKN6,IBM Content Manager Enterprise Edition V8.7.0.5,en,L-VXDF-VPYKN6_en.pdf
L-WGQQ-J8MEWE,IBM SPSS Statistics Desktop 31.0.0.0 - Desktop Academic,en,L-WGQQ-J8MEWE_en.pdf
L-WKKU-ACBC7A,IBM watsonx Discovery,en,L-WKKU-ACBC7A_en.pdf
L-WPGB-QZXQKF,IBM watsonx Assistant Cartridge V5.3,en,L-WPGB-QZXQKF_en.pdf
L-WPVL-Z9BB49,IBM Security QRadar Suite Software  1.11.0.0 - Disaster Recovery,en,L-WPVL-Z9BB49_en.pdf
L-YKBN-9H2KET,IBM Db2 Advanced Edition Cartridge 12.1,en,L-YKBN-9H2KET_en.pdf
L-YPZT-N6DZVW,IBM Cloud Pak for Integration - API Calls 16.1.3,en,L-YPZT-N6DZVW_en.pdf
L-YRHY-YWPJ3V,IBM WebSphere Application Server V8.5.5.26,de,L-YRHY-YWPJ3V_de.pdf
L-YRMY-8LEF7Q,IBM watsonx Code Assistant for Ansible Software 1.3,en,L-YRMY-8LEF7Q_en.pdf
L-ZXQY-ZTTXEF,IBM Verify Directory Enterprise Edition (Container) 11.0.0,en,L-ZXQY-ZTTXEF_en.pdf
